load,delta_load,capacity,health,attack
160.0,160.0,100,100,0
0.0,0.0,100,100,0
0.0,0.0,100,100,0
0.0,0.0,100,100,0
128.0,-32.0,100,92,0
0.0,0.0,100,100,0
0.0,0.0,100,100,0
0.0,0.0,100,100,0
125.0,-3.0,100,84,0
0.0,0.0,100,100,0
0.0,0.0,100,100,0
0.0,0.0,100,100,0
134.0,9.0,100,76,0
0.0,0.0,100,100,0
0.0,0.0,100,100,0
0.0,0.0,100,100,0
161.0,27.0,100,68,0
0.0,0.0,100,100,0
0.0,0.0,100,100,0
0.0,0.0,100,100,0
137.0,-24.0,100,60,0
0.0,0.0,100,100,0
0.0,0.0,100,100,0
0.0,0.0,100,100,0
164.0,27.0,100,52,0
0.0,0.0,100,100,0
0.0,0.0,100,100,0
0.0,0.0,100,100,0
168.0,4.0,100,44,0
0.0,0.0,100,100,0
0.0,0.0,100,100,0
0.0,0.0,100,100,0
174.0,6.0,100,36,0
0.0,0.0,100,100,0
0.0,0.0,100,100,0
0.0,0.0,100,100,0
149.0,-25.0,100,28,0
0.0,0.0,100,100,0
0.0,0.0,100,100,0
0.0,0.0,100,100,0
155.0,6.0,100,20,0
0.0,0.0,100,100,0
0.0,0.0,100,100,0
0.0,0.0,100,100,0
143.0,-12.0,100,12,0
0.0,0.0,100,100,0
0.0,0.0,100,100,0
0.0,0.0,100,100,0
134.0,-9.0,100,4,0
0.0,0.0,100,100,0
0.0,0.0,100,100,0
0.0,0.0,100,100,0
175.0,41.0,100,0,0
0.0,0.0,100,100,0
0.0,0.0,100,100,0
0.0,0.0,100,100,0
143.0,-32.0,100,0,0
0.0,0.0,100,100,0
0.0,0.0,100,100,0
0.0,0.0,100,100,0
164.0,21.0,100,0,0
0.0,0.0,100,100,0
0.0,0.0,100,100,0
0.0,0.0,100,100,0
130.0,-34.0,100,0,0
0.0,0.0,100,100,0
0.0,0.0,100,100,0
0.0,0.0,100,100,0
137.0,7.0,100,0,0
0.0,0.0,100,100,0
0.0,0.0,100,100,0
0.0,0.0,100,100,0
163.0,26.0,100,0,0
0.0,0.0,100,100,0
0.0,0.0,100,100,0
0.0,0.0,100,100,0
172.0,9.0,100,0,0
0.0,0.0,100,100,0
0.0,0.0,100,100,0
0.0,0.0,100,100,0
283.0,111.0,100,0,1
0.0,0.0,100,100,0
0.0,0.0,100,100,0
0.0,0.0,100,100,0
318.0,35.0,100,0,1
0.0,0.0,100,100,0
0.0,0.0,100,100,0
0.0,0.0,100,100,0
312.0,-6.0,100,0,1
0.0,0.0,100,100,0
0.0,0.0,100,100,0
0.0,0.0,100,100,0
307.0,-5.0,100,0,1
0.0,0.0,100,100,0
0.0,0.0,100,100,0
0.0,0.0,100,100,0
321.0,14.0,100,0,1
0.0,0.0,100,100,0
0.0,0.0,100,100,0
0.0,0.0,100,100,0
367.0,46.0,100,0,1
0.0,0.0,100,100,0
0.0,0.0,100,100,0
0.0,0.0,100,100,0
366.0,-1.0,100,0,1
0.0,0.0,100,100,0
0.0,0.0,100,100,0
0.0,0.0,100,100,0
405.0,39.0,100,0,1
0.0,0.0,100,100,0
0.0,0.0,100,100,0
0.0,0.0,100,100,0
401.0,-4.0,100,0,1
0.0,0.0,100,100,0
0.0,0.0,100,100,0
0.0,0.0,100,100,0
392.0,-9.0,100,0,1
0.0,0.0,100,100,0
0.0,0.0,100,100,0
0.0,0.0,100,100,0
363.0,-29.0,100,0,1
0.0,0.0,100,100,0
0.0,0.0,100,100,0
0.0,0.0,100,100,0
452.0,89.0,100,0,1
0.0,0.0,100,100,0
0.0,0.0,100,100,0
0.0,0.0,100,100,0
439.0,-13.0,100,0,1
0.0,0.0,100,100,0
0.0,0.0,100,100,0
0.0,0.0,100,100,0
369.0,-70.0,100,0,1
0.0,0.0,100,100,0
0.0,0.0,100,100,0
0.0,0.0,100,100,0
334.0,-35.0,100,0,1
0.0,0.0,100,100,0
0.0,0.0,100,100,0
0.0,0.0,100,100,0
509.0,175.0,100,0,1
0.0,0.0,100,100,0
0.0,0.0,100,100,0
0.0,0.0,100,100,0
446.0,-63.0,100,0,1
0.0,0.0,100,100,0
0.0,0.0,100,100,0
0.0,0.0,100,100,0
480.0,34.0,100,0,1
0.0,0.0,100,100,0
0.0,0.0,100,100,0
0.0,0.0,100,100,0
492.0,12.0,100,0,1
0.0,0.0,100,100,0
0.0,0.0,100,100,0
0.0,0.0,100,100,0
502.0,10.0,100,0,1
0.0,0.0,100,100,0
0.0,0.0,100,100,0
0.0,0.0,100,100,0
316.0,-186.0,100,0,1
0.0,0.0,100,100,0
0.0,0.0,100,100,0
0.0,0.0,100,100,0
287.0,-29.0,100,0,1
0.0,0.0,100,100,0
0.0,0.0,100,100,0
0.0,0.0,100,100,0
343.0,56.0,100,0,1
0.0,0.0,100,100,0
0.0,0.0,100,100,0
0.0,0.0,100,100,0
560.0,217.0,100,0,1
0.0,0.0,100,100,0
0.0,0.0,100,100,0
0.0,0.0,100,100,0
601.0,41.0,100,0,1
0.0,0.0,100,100,0
0.0,0.0,100,100,0
0.0,0.0,100,100,0
330.0,-271.0,100,0,1
0.0,0.0,100,100,0
0.0,0.0,100,100,0
0.0,0.0,100,100,0
149.0,-181.0,100,0,0
0.0,0.0,100,100,0
0.0,0.0,100,100,0
0.0,0.0,100,100,0
161.0,12.0,100,0,0
0.0,0.0,100,100,0
0.0,0.0,100,100,0
0.0,0.0,100,100,0
175.0,14.0,100,0,0
0.0,0.0,100,100,0
0.0,0.0,100,100,0
0.0,0.0,100,100,0
128.0,-47.0,100,0,0
0.0,0.0,100,100,0
0.0,0.0,100,100,0
0.0,0.0,100,100,0
179.0,51.0,100,0,0
0.0,0.0,100,100,0
0.0,0.0,100,100,0
0.0,0.0,100,100,0
126.0,-53.0,100,0,0
0.0,0.0,100,100,0
0.0,0.0,100,100,0
0.0,0.0,100,100,0
125.0,-1.0,100,0,0
0.0,0.0,100,100,0
0.0,0.0,100,100,0
0.0,0.0,100,100,0
151.0,26.0,100,0,0
0.0,0.0,100,100,0
0.0,0.0,100,100,0
0.0,0.0,100,100,0
130.0,-21.0,100,0,0
0.0,0.0,100,100,0
0.0,0.0,100,100,0
0.0,0.0,100,100,0
170.0,40.0,100,0,0
0.0,0.0,100,100,0
0.0,0.0,100,100,0
0.0,0.0,100,100,0
166.0,-4.0,100,0,0
0.0,0.0,100,100,0
0.0,0.0,100,100,0
0.0,0.0,100,100,0
129.0,-37.0,100,0,0
0.0,0.0,100,100,0
0.0,0.0,100,100,0
0.0,0.0,100,100,0
167.0,38.0,100,0,0
0.0,0.0,100,100,0
0.0,0.0,100,100,0
0.0,0.0,100,100,0
157.0,-10.0,100,0,0
0.0,0.0,100,100,0
0.0,0.0,100,100,0
0.0,0.0,100,100,0
30.75,30.75,100,100,0
30.75,30.75,100,100,0
30.75,30.75,100,100,0
30.75,30.75,100,100,0
40.75,10.0,100,100,0
40.75,10.0,100,100,0
40.75,10.0,100,100,0
40.75,10.0,100,100,0
39.25,-1.5,100,100,0
39.25,-1.5,100,100,0
39.25,-1.5,100,100,0
39.25,-1.5,100,100,0
38.25,-1.0,100,100,0
38.25,-1.0,100,100,0
38.25,-1.0,100,100,0
38.25,-1.0,100,100,0
34.0,-4.25,100,100,0
34.0,-4.25,100,100,0
34.0,-4.25,100,100,0
34.0,-4.25,100,100,0
42.0,8.0,100,100,0
42.0,8.0,100,100,0
42.0,8.0,100,100,0
42.0,8.0,100,100,0
31.5,-10.5,100,100,0
31.5,-10.5,100,100,0
31.5,-10.5,100,100,0
31.5,-10.5,100,100,0
44.0,12.5,100,100,0
44.0,12.5,100,100,0
44.0,12.5,100,100,0
44.0,12.5,100,100,0
38.5,-5.5,100,100,0
38.5,-5.5,100,100,0
38.5,-5.5,100,100,0
38.5,-5.5,100,100,0
30.0,-8.5,100,100,0
30.0,-8.5,100,100,0
30.0,-8.5,100,100,0
30.0,-8.5,100,100,0
44.0,14.0,100,100,0
44.0,14.0,100,100,0
44.0,14.0,100,100,0
44.0,14.0,100,100,0
34.25,-9.75,100,100,0
34.25,-9.75,100,100,0
34.25,-9.75,100,100,0
34.25,-9.75,100,100,0
43.5,9.25,100,100,0
43.5,9.25,100,100,0
43.5,9.25,100,100,0
43.5,9.25,100,100,0
31.25,-12.25,100,100,0
31.25,-12.25,100,100,0
31.25,-12.25,100,100,0
31.25,-12.25,100,100,0
32.0,0.75,100,100,0
32.0,0.75,100,100,0
32.0,0.75,100,100,0
32.0,0.75,100,100,0
36.75,4.75,100,100,0
36.75,4.75,100,100,0
36.75,4.75,100,100,0
36.75,4.75,100,100,0
32.25,-4.5,100,100,0
32.25,-4.5,100,100,0
32.25,-4.5,100,100,0
32.25,-4.5,100,100,0
32.0,-0.25,100,100,0
32.0,-0.25,100,100,0
32.0,-0.25,100,100,0
32.0,-0.25,100,100,0
30.5,-1.5,100,100,0
30.5,-1.5,100,100,0
30.5,-1.5,100,100,0
30.5,-1.5,100,100,0
42.25,11.75,100,100,0
42.25,11.75,100,100,0
42.25,11.75,100,100,0
42.25,11.75,100,100,0
194.75,152.5,100,100,1
44.75,2.5,100,100,0
44.75,2.5,100,100,0
44.75,2.5,100,100,0
200.0,5.25,100,92,1
44.0,-0.75,100,100,0
44.0,-0.75,100,100,0
44.0,-0.75,100,100,0
207.75,7.75,100,84,1
44.75,0.75,100,100,0
44.75,0.75,100,100,0
44.75,0.75,100,100,0
194.25,-13.5,100,76,1
34.25,-10.5,100,100,0
34.25,-10.5,100,100,0
34.25,-10.5,100,100,0
223.5,29.25,100,68,1
43.5,9.25,100,100,0
43.5,9.25,100,100,0
43.5,9.25,100,100,0
213.75,-9.75,100,60,1
34.75,-8.75,100,100,0
34.75,-8.75,100,100,0
34.75,-8.75,100,100,0
192.25,-21.5,100,52,1
34.25,-0.5,100,100,0
34.25,-0.5,100,100,0
34.25,-0.5,100,100,0
272.25,80.0,100,44,1
36.25,2.0,100,100,0
36.25,2.0,100,100,0
36.25,2.0,100,100,0
293.75,21.5,100,36,1
31.75,-4.5,100,100,0
31.75,-4.5,100,100,0
31.75,-4.5,100,100,0
188.0,-105.75,100,28,1
34.0,2.25,100,100,0
34.0,2.25,100,100,0
34.0,2.25,100,100,0
296.0,108.0,100,20,1
35.0,1.0,100,100,0
35.0,1.0,100,100,0
35.0,1.0,100,100,0
237.0,-59.0,100,12,1
39.0,4.0,100,100,0
39.0,4.0,100,100,0
39.0,4.0,100,100,0
331.75,94.75,100,4,1
44.75,5.75,100,100,0
44.75,5.75,100,100,0
44.75,5.75,100,100,0
276.0,-55.75,100,0,1
33.0,-11.75,100,100,0
33.0,-11.75,100,100,0
33.0,-11.75,100,100,0
269.75,-6.25,100,0,1
39.75,6.75,100,100,0
39.75,6.75,100,100,0
39.75,6.75,100,100,0
267.0,-2.75,100,0,1
38.0,-1.75,100,100,0
38.0,-1.75,100,100,0
38.0,-1.75,100,100,0
220.75,-46.25,100,0,1
38.75,0.75,100,100,0
38.75,0.75,100,100,0
38.75,0.75,100,100,0
422.75,202.0,100,0,1
41.75,3.0,100,100,0
41.75,3.0,100,100,0
41.75,3.0,100,100,0
193.25,-229.5,100,0,1
43.25,1.5,100,100,0
43.25,1.5,100,100,0
43.25,1.5,100,100,0
353.5,160.25,100,0,1
39.5,-3.75,100,100,0
39.5,-3.75,100,100,0
39.5,-3.75,100,100,0
273.5,-80.0,100,0,1
37.5,-2.0,100,100,0
37.5,-2.0,100,100,0
37.5,-2.0,100,100,0
360.75,87.25,100,0,1
39.75,2.25,100,100,0
39.75,2.25,100,100,0
39.75,2.25,100,100,0
299.75,-61.0,100,0,1
34.75,-5.0,100,100,0
34.75,-5.0,100,100,0
34.75,-5.0,100,100,0
499.5,199.75,100,0,1
37.5,2.75,100,100,0
37.5,2.75,100,100,0
37.5,2.75,100,100,0
484.0,-15.5,100,0,1
40.0,2.5,100,100,0
40.0,2.5,100,100,0
40.0,2.5,100,100,0
258.75,-225.25,100,0,1
33.75,-6.25,100,100,0
33.75,-6.25,100,100,0
33.75,-6.25,100,100,0
42.25,-216.5,100,0,0
42.25,8.5,100,100,0
42.25,8.5,100,100,0
42.25,8.5,100,100,0
42.75,0.5,100,0,0
42.75,0.5,100,100,0
42.75,0.5,100,100,0
42.75,0.5,100,100,0
33.75,-9.0,100,0,0
33.75,-9.0,100,100,0
33.75,-9.0,100,100,0
33.75,-9.0,100,100,0
37.25,3.5,100,0,0
37.25,3.5,100,100,0
37.25,3.5,100,100,0
37.25,3.5,100,100,0
45.0,7.75,100,0,0
45.0,7.75,100,100,0
45.0,7.75,100,100,0
45.0,7.75,100,100,0
44.25,-0.75,100,0,0
44.25,-0.75,100,100,0
44.25,-0.75,100,100,0
44.25,-0.75,100,100,0
44.25,0.0,100,0,0
44.25,0.0,100,100,0
44.25,0.0,100,100,0
44.25,0.0,100,100,0
42.0,-2.25,100,0,0
42.0,-2.25,100,100,0
42.0,-2.25,100,100,0
42.0,-2.25,100,100,0
38.25,-3.75,100,0,0
38.25,-3.75,100,100,0
38.25,-3.75,100,100,0
38.25,-3.75,100,100,0
41.25,3.0,100,0,0
41.25,3.0,100,100,0
41.25,3.0,100,100,0
41.25,3.0,100,100,0
38.5,-2.75,100,0,0
38.5,-2.75,100,100,0
38.5,-2.75,100,100,0
38.5,-2.75,100,100,0
32.25,-6.25,100,0,0
32.25,-6.25,100,100,0
32.25,-6.25,100,100,0
32.25,-6.25,100,100,0
38.5,6.25,100,0,0
38.5,6.25,100,100,0
38.5,6.25,100,100,0
38.5,6.25,100,100,0
36.0,-2.5,100,0,0
36.0,-2.5,100,100,0
36.0,-2.5,100,100,0
36.0,-2.5,100,100,0
43.5,43.5,100,100,0
43.5,43.5,100,100,0
43.5,43.5,100,100,0
43.5,43.5,100,100,0
34.75,-8.75,100,100,0
34.75,-8.75,100,100,0
34.75,-8.75,100,100,0
34.75,-8.75,100,100,0
41.75,7.0,100,100,0
41.75,7.0,100,100,0
41.75,7.0,100,100,0
41.75,7.0,100,100,0
34.25,-7.5,100,100,0
34.25,-7.5,100,100,0
34.25,-7.5,100,100,0
34.25,-7.5,100,100,0
36.25,2.0,100,100,0
36.25,2.0,100,100,0
36.25,2.0,100,100,0
36.25,2.0,100,100,0
38.5,2.25,100,100,0
38.5,2.25,100,100,0
38.5,2.25,100,100,0
38.5,2.25,100,100,0
40.25,1.75,100,100,0
40.25,1.75,100,100,0
40.25,1.75,100,100,0
40.25,1.75,100,100,0
35.0,-5.25,100,100,0
35.0,-5.25,100,100,0
35.0,-5.25,100,100,0
35.0,-5.25,100,100,0
42.0,7.0,100,100,0
42.0,7.0,100,100,0
42.0,7.0,100,100,0
42.0,7.0,100,100,0
41.75,-0.25,100,100,0
41.75,-0.25,100,100,0
41.75,-0.25,100,100,0
41.75,-0.25,100,100,0
42.25,0.5,100,100,0
42.25,0.5,100,100,0
42.25,0.5,100,100,0
42.25,0.5,100,100,0
43.25,1.0,100,100,0
43.25,1.0,100,100,0
43.25,1.0,100,100,0
43.25,1.0,100,100,0
39.0,-4.25,100,100,0
39.0,-4.25,100,100,0
39.0,-4.25,100,100,0
39.0,-4.25,100,100,0
39.5,0.5,100,100,0
39.5,0.5,100,100,0
39.5,0.5,100,100,0
39.5,0.5,100,100,0
34.75,-4.75,100,100,0
34.75,-4.75,100,100,0
34.75,-4.75,100,100,0
34.75,-4.75,100,100,0
36.0,1.25,100,100,0
36.0,1.25,100,100,0
36.0,1.25,100,100,0
36.0,1.25,100,100,0
40.0,4.0,100,100,0
40.0,4.0,100,100,0
40.0,4.0,100,100,0
40.0,4.0,100,100,0
42.75,2.75,100,100,0
42.75,2.75,100,100,0
42.75,2.75,100,100,0
42.75,2.75,100,100,0
36.75,-6.0,100,100,0
36.75,-6.0,100,100,0
36.75,-6.0,100,100,0
36.75,-6.0,100,100,0
36.5,-0.25,100,100,0
36.5,-0.25,100,100,0
36.5,-0.25,100,100,0
36.5,-0.25,100,100,0
193.25,156.75,100,100,1
43.25,6.75,100,100,0
43.25,6.75,100,100,0
43.25,6.75,100,100,0
191.78571428571428,-1.4642857142857224,100,92,1
41.07142857142857,-2.1785714285714306,100,100,0
41.07142857142857,-2.1785714285714306,100,100,0
41.07142857142857,-2.1785714285714306,100,100,0
195.59375,3.8080357142857224,100,84,1
38.802083333333336,-2.2693452380952337,100,100,0
38.802083333333336,-2.2693452380952337,100,100,0
38.802083333333336,-2.2693452380952337,100,100,0
182.2872340425532,-13.306515957446805,100,76,1
35.90425531914894,-2.897828014184398,100,100,0
35.90425531914894,-2.897828014184398,100,100,0
35.90425531914894,-2.897828014184398,100,100,0
217.82608695652175,35.538852913968555,100,68,1
42.391304347826086,6.4870490286771485,100,100,0
42.391304347826086,6.4870490286771485,100,100,0
42.391304347826086,6.4870490286771485,100,100,0
196.33333333333334,-21.492753623188406,100,60,1
38.88888888888889,-3.502415458937193,100,100,0
38.88888888888889,-3.502415458937193,100,100,0
38.88888888888889,-3.502415458937193,100,100,0
246.23863636363637,49.90530303030303,100,52,1
38.92045454545455,0.03156565656565391,100,100,0
38.92045454545455,0.03156565656565391,100,100,0
38.92045454545455,0.03156565656565391,100,100,0
197.02325581395348,-49.21538054968289,100,44,1
52.32558139534884,13.405126849894295,100,100,0
52.32558139534884,13.405126849894295,100,100,0
52.32558139534884,13.405126849894295,100,100,0
198.0,0.9767441860465169,100,36,1
50.0,-2.3255813953488413,100,100,0
50.0,-2.3255813953488413,100,100,0
50.0,-2.3255813953488413,100,100,0
166.5121951219512,-31.48780487804879,100,28,1
51.829268292682926,1.8292682926829258,100,100,0
51.829268292682926,1.8292682926829258,100,100,0
51.829268292682926,1.8292682926829258,100,100,0
252.6875,86.17530487804879,100,20,1
43.4375,-8.391768292682926,100,100,0
43.4375,-8.391768292682926,100,100,0
43.4375,-8.391768292682926,100,100,0
296.4230769230769,43.735576923076906,100,12,1
53.52564102564103,10.088141025641029,100,100,0
53.52564102564103,10.088141025641029,100,100,0
53.52564102564103,10.088141025641029,100,100,0
210.78947368421052,-85.63360323886639,100,4,1
44.736842105263165,-8.788798920377864,100,100,0
44.736842105263165,-8.788798920377864,100,100,0
44.736842105263165,-8.788798920377864,100,100,0
326.0,115.21052631578948,100,0,1
51.33333333333333,6.596491228070164,100,100,0
51.33333333333333,6.596491228070164,100,100,0
51.33333333333333,6.596491228070164,100,100,0
300.0,-26.0,100,0,1
55.33333333333333,4.0,100,100,0
55.33333333333333,4.0,100,100,0
55.33333333333333,4.0,100,100,0
199.0,-101.0,100,0,1
42.0,-13.333333333333329,100,100,0
42.0,-13.333333333333329,100,100,0
42.0,-13.333333333333329,100,100,0
286.0,87.0,100,0,1
55.0,13.0,100,100,0
55.0,13.0,100,100,0
55.0,13.0,100,100,0
328.0,42.0,100,0,1
46.0,-9.0,100,100,0
46.0,-9.0,100,100,0
46.0,-9.0,100,100,0
373.0,45.0,100,0,1
42.0,-4.0,100,100,0
42.0,-4.0,100,100,0
42.0,-4.0,100,100,0
244.0,-129.0,100,0,1
47.0,5.0,100,100,0
47.0,5.0,100,100,0
47.0,5.0,100,100,0
183.0,-61.0,100,0,1
42.33333333333333,-4.666666666666671,100,100,0
42.33333333333333,-4.666666666666671,100,100,0
42.33333333333333,-4.666666666666671,100,100,0
227.0,44.0,100,0,1
41.0,-1.3333333333333286,100,100,0
41.0,-1.3333333333333286,100,100,0
41.0,-1.3333333333333286,100,100,0
210.0,-17.0,100,0,1
45.0,4.0,100,100,0
45.0,4.0,100,100,0
45.0,4.0,100,100,0
265.0,55.0,100,0,1
53.0,8.0,100,100,0
53.0,8.0,100,100,0
53.0,8.0,100,100,0
451.0,186.0,100,0,1
46.33333333333333,-6.666666666666671,100,100,0
46.33333333333333,-6.666666666666671,100,100,0
46.33333333333333,-6.666666666666671,100,100,0
200.0,-251.0,100,0,1
53.0,6.666666666666671,100,100,0
53.0,6.666666666666671,100,100,0
53.0,6.666666666666671,100,100,0
0.0,-200.0,100,0,0
54.0,1.0,100,100,0
54.0,1.0,100,100,0
54.0,1.0,100,100,0
1.4455445544554455,1.4455445544554455,100,3,0
48.18481848184818,-5.815181518151817,100,100,0
48.18481848184818,-5.815181518151817,100,100,0
48.18481848184818,-5.815181518151817,100,100,0
3.235294117647059,1.7897495631916134,100,6,0
53.92156862745098,5.736750145602798,100,100,0
53.92156862745098,5.736750145602798,100,100,0
53.92156862745098,5.736750145602798,100,100,0
3.9611650485436893,0.7258709308966305,100,9,0
44.01294498381877,-9.908623643632211,100,100,0
44.01294498381877,-9.908623643632211,100,100,0
44.01294498381877,-9.908623643632211,100,100,0
5.653846153846154,1.6926811053024649,100,12,0
47.11538461538462,3.1024396315658507,100,100,0
47.11538461538462,3.1024396315658507,100,100,0
47.11538461538462,3.1024396315658507,100,100,0
6.142857142857142,0.48901098901098816,100,15,0
40.95238095238095,-6.163003663003671,100,100,0
40.95238095238095,-6.163003663003671,100,100,0
40.95238095238095,-6.163003663003671,100,100,0
8.830188679245284,2.6873315363881414,100,18,0
49.056603773584904,8.104222821203955,100,100,0
49.056603773584904,8.104222821203955,100,100,0
49.056603773584904,8.104222821203955,100,100,0
9.485981308411214,0.65579262916593,100,21,0
45.17133956386292,-3.8852642097219814,100,100,0
45.17133956386292,-3.8852642097219814,100,100,0
45.17133956386292,-3.8852642097219814,100,100,0
9.037037037037036,-0.44894427137417736,100,24,0
37.654320987654316,-7.517018576208606,100,100,0
37.654320987654316,-7.517018576208606,100,100,0
37.654320987654316,-7.517018576208606,100,100,0
11.064220183486238,2.027183146449202,100,27,0
40.97859327217125,3.324272284516937,100,100,0
40.97859327217125,3.324272284516937,100,100,0
40.97859327217125,3.324272284516937,100,100,0
15.272727272727273,4.208507089241035,100,30,0
50.909090909090914,9.930497636919661,100,100,0
50.909090909090914,9.930497636919661,100,100,0
50.909090909090914,9.930497636919661,100,100,0
14.864864864864865,-0.40786240786240846,100,33,0
45.04504504504504,-5.86404586404587,100,100,0
45.04504504504504,-5.86404586404587,100,100,0
45.04504504504504,-5.86404586404587,100,100,0
15.75,0.8851351351351351,100,36,0
43.75,-1.2950450450450433,100,100,0
43.75,-1.2950450450450433,100,100,0
43.75,-1.2950450450450433,100,100,0
16.221238938053098,0.4712389380530979,100,39,0
41.5929203539823,-2.1570796460176993,100,100,0
41.5929203539823,-2.1570796460176993,100,100,0
41.5929203539823,-2.1570796460176993,100,100,0
151.0,151.0,100,100,0
0.0,0.0,100,100,0
0.0,0.0,100,100,0
0.0,0.0,100,100,0
155.0,4.0,100,92,0
0.0,0.0,100,100,0
0.0,0.0,100,100,0
0.0,0.0,100,100,0
127.0,-28.0,100,84,0
0.0,0.0,100,100,0
0.0,0.0,100,100,0
0.0,0.0,100,100,0
120.0,-7.0,100,76,0
0.0,0.0,100,100,0
0.0,0.0,100,100,0
0.0,0.0,100,100,0
132.0,12.0,100,68,0
0.0,0.0,100,100,0
0.0,0.0,100,100,0
0.0,0.0,100,100,0
148.0,16.0,100,60,0
0.0,0.0,100,100,0
0.0,0.0,100,100,0
0.0,0.0,100,100,0
179.0,31.0,100,52,0
0.0,0.0,100,100,0
0.0,0.0,100,100,0
0.0,0.0,100,100,0
121.0,-58.0,100,44,0
0.0,0.0,100,100,0
0.0,0.0,100,100,0
0.0,0.0,100,100,0
130.0,9.0,100,36,0
0.0,0.0,100,100,0
0.0,0.0,100,100,0
0.0,0.0,100,100,0
134.0,4.0,100,28,0
0.0,0.0,100,100,0
0.0,0.0,100,100,0
0.0,0.0,100,100,0
127.0,-7.0,100,20,0
0.0,0.0,100,100,0
0.0,0.0,100,100,0
0.0,0.0,100,100,0
138.0,11.0,100,12,0
0.0,0.0,100,100,0
0.0,0.0,100,100,0
0.0,0.0,100,100,0
150.0,12.0,100,4,0
0.0,0.0,100,100,0
0.0,0.0,100,100,0
0.0,0.0,100,100,0
178.0,28.0,100,0,0
0.0,0.0,100,100,0
0.0,0.0,100,100,0
0.0,0.0,100,100,0
124.0,-54.0,100,0,0
0.0,0.0,100,100,0
0.0,0.0,100,100,0
0.0,0.0,100,100,0
179.0,55.0,100,0,0
0.0,0.0,100,100,0
0.0,0.0,100,100,0
0.0,0.0,100,100,0
166.0,-13.0,100,0,0
0.0,0.0,100,100,0
0.0,0.0,100,100,0
0.0,0.0,100,100,0
151.0,-15.0,100,0,0
0.0,0.0,100,100,0
0.0,0.0,100,100,0
0.0,0.0,100,100,0
141.0,-10.0,100,0,0
0.0,0.0,100,100,0
0.0,0.0,100,100,0
0.0,0.0,100,100,0
140.0,-1.0,100,0,0
0.0,0.0,100,100,0
0.0,0.0,100,100,0
0.0,0.0,100,100,0
194.0,54.0,100,0,1
50.0,50.0,100,100,1
50.0,50.0,100,100,1
50.0,50.0,100,100,1
195.0,1.0,100,0,1
53.0,3.0,100,100,1
50.0,0.0,100,100,1
51.0,1.0,100,100,1
232.0,37.0,100,0,1
51.0,-2.0,100,100,1
58.0,8.0,100,100,1
57.0,6.0,100,100,1
180.0,-52.0,100,0,1
57.0,6.0,100,100,1
62.0,4.0,100,100,1
54.0,-3.0,100,100,1
234.0,54.0,100,0,1
67.0,10.0,100,100,1
62.0,0.0,100,100,1
60.0,6.0,100,100,1
205.0,-29.0,100,0,1
69.0,2.0,100,100,1
52.0,-10.0,100,100,1
57.0,-3.0,100,100,1
219.0,14.0,100,0,1
63.0,-6.0,100,100,1
53.0,1.0,100,100,1
74.0,17.0,100,100,1
233.0,14.0,100,0,1
51.0,-12.0,100,100,1
52.0,-1.0,100,100,1
70.0,-4.0,100,100,1
194.0,-39.0,100,0,1
83.0,32.0,100,100,1
76.0,24.0,100,100,1
86.0,16.0,100,100,1
233.0,39.0,100,0,1
89.0,6.0,100,100,1
93.0,17.0,100,100,1
65.0,-21.0,100,100,1
226.0,-7.0,100,0,1
79.0,-10.0,100,100,1
66.0,-27.0,100,100,1
92.0,27.0,100,100,1
247.0,21.0,100,0,1
60.0,-19.0,100,100,1
54.0,-12.0,100,100,1
78.0,-14.0,100,100,1
241.0,-6.0,100,0,1
66.0,6.0,100,100,1
79.0,25.0,100,100,1
104.0,26.0,100,100,1
254.0,13.0,100,0,1
56.0,-10.0,100,100,1
65.0,-14.0,100,100,1
74.0,-30.0,100,92,1
190.0,-64.0,100,0,1
100.0,44.0,100,100,1
85.0,20.0,100,100,1
51.0,-23.0,100,95,1
236.0,46.0,100,0,1
86.0,-14.0,100,100,1
79.0,-6.0,100,100,1
95.0,44.0,100,98,1
235.0,-1.0,100,0,1
62.0,-24.0,100,100,1
55.0,-24.0,100,100,1
89.0,-6.0,100,100,1
189.0,-46.0,100,0,1
87.0,25.0,100,100,1
91.0,36.0,100,100,1
103.0,14.0,100,100,1
250.0,61.0,100,0,1
117.0,30.0,100,100,1
114.0,23.0,100,100,1
84.0,-19.0,100,92,1
247.0,-3.0,100,0,1
87.0,-30.0,100,92,1
93.0,-21.0,100,92,1
64.0,-20.0,100,95,1
246.0,-1.0,100,0,1
136.0,49.0,100,95,1
142.0,49.0,100,84,1
136.0,72.0,100,98,1
266.0,20.0,100,0,1
96.0,-40.0,100,87,1
61.0,-81.0,100,76,1
100.0,-36.0,100,90,1
219.0,-47.0,100,0,1
108.0,12.0,100,79,1
97.0,36.0,100,79,1
136.0,36.0,100,82,1
303.0,84.0,100,0,1
83.0,-25.0,100,71,1
124.0,27.0,100,71,1
98.0,-38.0,100,74,1
303.0,0.0,100,0,1
97.0,14.0,100,63,1
63.0,-61.0,100,63,1
136.0,38.0,100,66,1
250.0,-53.0,100,0,1
163.0,66.0,100,55,1
170.0,107.0,100,66,1
121.0,-15.0,100,58,1
140.0,-110.0,100,0,0
0.0,-163.0,100,47,0
0.0,-170.0,100,58,0
0.0,-121.0,100,50,0
172.0,32.0,100,0,0
0.0,0.0,100,50,0
0.0,0.0,100,61,0
0.0,0.0,100,53,0
127.0,-45.0,100,0,0
0.0,0.0,100,53,0
0.0,0.0,100,64,0
0.0,0.0,100,56,0
151.0,24.0,100,0,0
0.0,0.0,100,56,0
0.0,0.0,100,67,0
0.0,0.0,100,59,0
144.0,-7.0,100,0,0
0.0,0.0,100,59,0
0.0,0.0,100,70,0
0.0,0.0,100,62,0
180.0,36.0,100,0,0
0.0,0.0,100,62,0
0.0,0.0,100,73,0
0.0,0.0,100,65,0
176.0,-4.0,100,0,0
0.0,0.0,100,65,0
0.0,0.0,100,76,0
0.0,0.0,100,68,0
146.0,-30.0,100,0,0
0.0,0.0,100,68,0
0.0,0.0,100,79,0
0.0,0.0,100,71,0
133.0,-13.0,100,0,0
0.0,0.0,100,71,0
0.0,0.0,100,82,0
0.0,0.0,100,74,0
126.0,-7.0,100,0,0
0.0,0.0,100,74,0
0.0,0.0,100,85,0
0.0,0.0,100,77,0
161.0,35.0,100,0,0
0.0,0.0,100,77,0
0.0,0.0,100,88,0
0.0,0.0,100,80,0
127.0,-34.0,100,0,0
0.0,0.0,100,80,0
0.0,0.0,100,91,0
0.0,0.0,100,83,0
133.0,6.0,100,0,0
0.0,0.0,100,83,0
0.0,0.0,100,94,0
0.0,0.0,100,86,0
170.0,37.0,100,0,0
0.0,0.0,100,86,0
0.0,0.0,100,97,0
0.0,0.0,100,89,0
33.25,33.25,100,100,0
33.25,33.25,100,100,0
33.25,33.25,100,100,0
33.25,33.25,100,100,0
43.75,10.5,100,100,0
43.75,10.5,100,100,0
43.75,10.5,100,100,0
43.75,10.5,100,100,0
34.25,-9.5,100,100,0
34.25,-9.5,100,100,0
34.25,-9.5,100,100,0
34.25,-9.5,100,100,0
32.75,-1.5,100,100,0
32.75,-1.5,100,100,0
32.75,-1.5,100,100,0
32.75,-1.5,100,100,0
42.5,9.75,100,100,0
42.5,9.75,100,100,0
42.5,9.75,100,100,0
42.5,9.75,100,100,0
41.75,-0.75,100,100,0
41.75,-0.75,100,100,0
41.75,-0.75,100,100,0
41.75,-0.75,100,100,0
35.75,-6.0,100,100,0
35.75,-6.0,100,100,0
35.75,-6.0,100,100,0
35.75,-6.0,100,100,0
30.5,-5.25,100,100,0
30.5,-5.25,100,100,0
30.5,-5.25,100,100,0
30.5,-5.25,100,100,0
40.25,9.75,100,100,0
40.25,9.75,100,100,0
40.25,9.75,100,100,0
40.25,9.75,100,100,0
40.75,0.5,100,100,0
40.75,0.5,100,100,0
40.75,0.5,100,100,0
40.75,0.5,100,100,0
35.0,-5.75,100,100,0
35.0,-5.75,100,100,0
35.0,-5.75,100,100,0
35.0,-5.75,100,100,0
38.75,3.75,100,100,0
38.75,3.75,100,100,0
38.75,3.75,100,100,0
38.75,3.75,100,100,0
38.0,-0.75,100,100,0
38.0,-0.75,100,100,0
38.0,-0.75,100,100,0
38.0,-0.75,100,100,0
40.25,2.25,100,100,0
40.25,2.25,100,100,0
40.25,2.25,100,100,0
40.25,2.25,100,100,0
44.0,3.75,100,100,0
44.0,3.75,100,100,0
44.0,3.75,100,100,0
44.0,3.75,100,100,0
31.5,-12.5,100,100,0
31.5,-12.5,100,100,0
31.5,-12.5,100,100,0
31.5,-12.5,100,100,0
40.75,9.25,100,100,0
40.75,9.25,100,100,0
40.75,9.25,100,100,0
40.75,9.25,100,100,0
31.5,-9.25,100,100,0
31.5,-9.25,100,100,0
31.5,-9.25,100,100,0
31.5,-9.25,100,100,0
38.75,7.25,100,100,0
38.75,7.25,100,100,0
38.75,7.25,100,100,0
38.75,7.25,100,100,0
45.0,6.25,100,100,0
45.0,6.25,100,100,0
45.0,6.25,100,100,0
45.0,6.25,100,100,0
89.5,44.5,100,100,1
89.5,44.5,100,100,1
89.5,44.5,100,100,1
89.5,44.5,100,100,1
90.75,1.25,100,100,1
88.75,-0.75,100,100,1
90.75,1.25,100,100,1
92.75,3.25,100,100,1
98.75,8.0,100,100,1
97.75,9.0,100,100,1
89.75,-1.0,100,100,1
98.75,6.0,100,100,1
103.0,4.25,100,100,1
95.0,-2.75,100,100,1
105.0,15.25,100,100,1
96.0,-2.75,100,100,1
100.25,-2.75,100,92,1
94.25,-0.75,100,100,1
84.25,-20.75,100,92,1
86.25,-9.75,100,100,1
94.25,-6.0,100,84,1
100.25,6.0,100,100,1
101.25,17.0,100,95,1
102.25,16.0,100,100,1
90.25,-4.0,100,76,1
96.25,-4.0,100,92,1
94.25,-7.0,100,87,1
108.25,6.0,100,92,1
90.0,-0.25,100,68,1
88.0,-8.25,100,84,1
94.0,-0.25,100,79,1
95.0,-13.25,100,84,1
95.0,5.0,100,60,1
97.0,9.0,100,76,1
109.0,15.0,100,71,1
120.0,25.0,100,76,1
117.5,22.5,100,52,1
121.5,24.5,100,68,1
128.5,19.5,100,63,1
118.5,-1.5,100,68,1
103.5,-14.0,100,44,1
99.5,-22.0,100,60,1
134.5,6.0,100,55,1
118.5,0.0,100,60,1
103.75,0.25,100,36,1
108.75,9.25,100,52,1
88.75,-45.75,100,47,1
99.75,-18.75,100,52,1
133.75,30.0,100,28,1
127.75,19.0,100,44,1
121.75,33.0,100,39,1
123.75,24.0,100,44,1
109.5,-24.25,100,20,1
92.5,-35.25,100,36,1
104.5,-17.25,100,31,1
115.5,-8.25,100,36,1
96.5,-13.0,100,12,1
89.5,-3.0,100,28,1
115.5,11.0,100,23,1
127.5,12.0,100,28,1
122.0,25.5,100,4,1
112.0,22.5,100,20,1
127.0,11.5,100,15,1
132.0,4.5,100,20,1
100.0,-22.0,100,0,1
85.0,-27.0,100,12,1
148.0,21.0,100,7,1
140.0,8.0,100,12,1
98.75,-1.25,100,0,1
130.75,45.75,100,4,1
150.75,2.75,100,0,1
111.75,-28.25,100,4,1
159.0,60.25,100,0,1
173.0,42.25,100,0,1
133.0,-17.75,100,0,1
97.0,-14.75,100,0,1
91.25,-67.75,100,0,1
141.25,-31.75,100,0,1
88.25,-44.75,100,0,1
144.25,47.25,100,0,1
103.5,12.25,100,0,1
134.5,-6.75,100,0,1
167.5,79.25,100,0,1
148.5,4.25,100,0,1
140.0,36.5,100,0,1
179.0,44.5,100,0,1
170.0,2.5,100,0,1
142.0,-6.5,100,0,1
98.5,-41.5,100,0,1
135.5,-43.5,100,0,1
86.5,-83.5,100,0,1
125.5,-16.5,100,0,1
184.5,86.0,100,0,1
161.5,26.0,100,0,1
140.5,54.0,100,0,1
188.5,63.0,100,0,1
137.0,-47.5,100,0,1
102.0,-59.5,100,0,1
146.0,5.5,100,0,1
199.0,10.5,100,0,1
112.5,-24.5,100,0,1
136.5,34.5,100,0,1
156.5,10.5,100,0,1
132.5,-66.5,100,0,1
38.25,-74.25,100,0,0
38.25,-98.25,100,0,0
38.25,-118.25,100,0,0
38.25,-94.25,100,0,0
31.25,-7.0,100,0,0
31.25,-7.0,100,0,0
31.25,-7.0,100,0,0
31.25,-7.0,100,0,0
36.25,5.0,100,0,0
36.25,5.0,100,0,0
36.25,5.0,100,0,0
36.25,5.0,100,0,0
43.75,7.5,100,0,0
43.75,7.5,100,0,0
43.75,7.5,100,0,0
43.75,7.5,100,0,0
34.75,-9.0,100,0,0
34.75,-9.0,100,0,0
34.75,-9.0,100,0,0
34.75,-9.0,100,0,0
41.75,7.0,100,0,0
41.75,7.0,100,0,0
41.75,7.0,100,0,0
41.75,7.0,100,0,0
35.25,-6.5,100,0,0
35.25,-6.5,100,0,0
35.25,-6.5,100,0,0
35.25,-6.5,100,0,0
33.5,-1.75,100,0,0
33.5,-1.75,100,0,0
33.5,-1.75,100,0,0
33.5,-1.75,100,0,0
35.25,1.75,100,0,0
35.25,1.75,100,0,0
35.25,1.75,100,0,0
35.25,1.75,100,0,0
42.25,7.0,100,0,0
42.25,7.0,100,0,0
42.25,7.0,100,0,0
42.25,7.0,100,0,0
32.5,-9.75,100,0,0
32.5,-9.75,100,0,0
32.5,-9.75,100,0,0
32.5,-9.75,100,0,0
31.0,-1.5,100,0,0
31.0,-1.5,100,0,0
31.0,-1.5,100,0,0
31.0,-1.5,100,0,0
38.0,7.0,100,0,0
38.0,7.0,100,0,0
38.0,7.0,100,0,0
38.0,7.0,100,0,0
40.0,2.0,100,0,0
40.0,2.0,100,0,0
40.0,2.0,100,0,0
40.0,2.0,100,0,0
31.75,31.75,100,100,0
31.75,31.75,100,100,0
31.75,31.75,100,100,0
31.75,31.75,100,100,0
43.0,11.25,100,100,0
43.0,11.25,100,100,0
43.0,11.25,100,100,0
43.0,11.25,100,100,0
32.75,-10.25,100,100,0
32.75,-10.25,100,100,0
32.75,-10.25,100,100,0
32.75,-10.25,100,100,0
42.25,9.5,100,100,0
42.25,9.5,100,100,0
42.25,9.5,100,100,0
42.25,9.5,100,100,0
40.75,-1.5,100,100,0
40.75,-1.5,100,100,0
40.75,-1.5,100,100,0
40.75,-1.5,100,100,0
43.75,3.0,100,100,0
43.75,3.0,100,100,0
43.75,3.0,100,100,0
43.75,3.0,100,100,0
40.0,-3.75,100,100,0
40.0,-3.75,100,100,0
40.0,-3.75,100,100,0
40.0,-3.75,100,100,0
34.75,-5.25,100,100,0
34.75,-5.25,100,100,0
34.75,-5.25,100,100,0
34.75,-5.25,100,100,0
40.25,5.5,100,100,0
40.25,5.5,100,100,0
40.25,5.5,100,100,0
40.25,5.5,100,100,0
37.25,-3.0,100,100,0
37.25,-3.0,100,100,0
37.25,-3.0,100,100,0
37.25,-3.0,100,100,0
44.5,7.25,100,100,0
44.5,7.25,100,100,0
44.5,7.25,100,100,0
44.5,7.25,100,100,0
32.25,-12.25,100,100,0
32.25,-12.25,100,100,0
32.25,-12.25,100,100,0
32.25,-12.25,100,100,0
41.25,9.0,100,100,0
41.25,9.0,100,100,0
41.25,9.0,100,100,0
41.25,9.0,100,100,0
37.0,-4.25,100,100,0
37.0,-4.25,100,100,0
37.0,-4.25,100,100,0
37.0,-4.25,100,100,0
36.0,-1.0,100,100,0
36.0,-1.0,100,100,0
36.0,-1.0,100,100,0
36.0,-1.0,100,100,0
40.25,4.25,100,100,0
40.25,4.25,100,100,0
40.25,4.25,100,100,0
40.25,4.25,100,100,0
34.0,-6.25,100,100,0
34.0,-6.25,100,100,0
34.0,-6.25,100,100,0
34.0,-6.25,100,100,0
35.25,1.25,100,100,0
35.25,1.25,100,100,0
35.25,1.25,100,100,0
35.25,1.25,100,100,0
40.25,5.0,100,100,0
40.25,5.0,100,100,0
40.25,5.0,100,100,0
40.25,5.0,100,100,0
34.75,-5.5,100,100,0
34.75,-5.5,100,100,0
34.75,-5.5,100,100,0
34.75,-5.5,100,100,0
91.0,56.25,100,100,1
91.0,56.25,100,100,1
91.0,56.25,100,100,1
91.0,56.25,100,100,1
88.75,-2.25,100,100,1
88.75,-2.25,100,100,1
88.75,-2.25,100,100,1
88.75,-2.25,100,100,1
101.25,12.5,100,100,1
93.25,4.5,100,100,1
98.25,9.5,100,100,1
102.25,13.5,100,100,1
83.14583333333334,-18.104166666666657,100,92,1
96.85416666666667,3.6041666666666714,100,100,1
94.85416666666667,-3.3958333333333286,100,100,1
93.14583333333334,-9.104166666666657,100,92,1
93.58047493403694,10.4346416007036,100,95,1
93.18997361477572,-3.6641930518909476,100,100,1
89.18997361477572,-5.664193051890948,100,100,1
91.03957783641161,-2.106255496921733,100,84,1
102.11229946524064,8.531824531203696,100,98,1
92.8288770053476,-0.36109660942813093,100,100,1
94.8288770053476,5.638903390571869,100,100,1
92.22994652406418,1.1903686876525654,100,76,1
108.97765363128491,6.86535416604427,100,90,1
109.53072625698323,16.701849251635636,100,100,1
109.53072625698323,14.701849251635636,100,100,1
104.9608938547486,12.73094733068443,100,68,1
108.71165644171779,-0.26599718956711627,100,82,1
120.94478527607362,11.414059019090388,100,92,1
121.94478527607362,12.414059019090388,100,92,1
101.39877300613497,-3.562120848613631,100,60,1
94.72108843537416,-13.990568006343636,100,74,1
125.14285714285714,4.198071866783522,100,84,1
95.14285714285714,-26.801928133216478,100,84,1
88.99319727891157,-12.405575727223408,100,52,1
121.98473282442748,27.263644389053326,100,66,1
115.6793893129771,-9.463467829880045,100,76,1
108.6793893129771,13.536532170119955,100,76,1
105.65648854961832,16.66329127070675,100,44,1
101.1391304347826,-20.84560238964488,100,58,1
147.9217391304348,32.24234981745769,100,68,1
135.9217391304348,27.242349817457693,100,68,1
85.01739130434783,-20.63909724527049,100,36,1
89.84848484848484,-11.290645586297757,100,50,1
139.8181818181818,-8.103557312252974,100,60,1
101.81818181818181,-34.103557312252974,100,60,1
86.51515151515152,1.4977602108036905,100,28,1
144.44578313253012,54.59729828404528,100,42,1
128.36144578313252,-11.456736035049289,100,52,1
105.36144578313252,3.543263964950711,100,52,1
120.83132530120483,34.31617378605331,100,20,1
92.29850746268656,-52.147275669843566,100,34,1
158.26865671641792,29.9072109332854,100,44,1
156.26865671641792,50.9072109332854,100,44,1
77.16417910447761,-43.66714619672722,100,12,1
150.84313725490196,58.5446297922154,100,26,1
154.7058823529412,-3.562774363476734,100,36,1
113.70588235294119,-42.562774363476734,100,36,1
109.74509803921569,32.58091893473808,100,4,1
129.9189189189189,-20.924218335983056,100,18,1
160.54054054054055,5.834658187599359,100,28,1
143.54054054054055,29.83465818759936,100,28,1
80.0,-29.74509803921569,100,0,1
88.8,-41.11891891891891,100,10,1
154.6,-5.940540540540553,100,20,1
135.6,-7.940540540540553,100,20,1
53.0,-27.0,100,0,1
72.76923076923077,-16.030769230769224,100,2,1
156.6153846153846,2.015384615384619,100,12,1
132.6153846153846,-2.984615384615381,100,12,1
67.0,14.0,100,0,1
86.0,13.230769230769226,100,0,1
171.0,14.384615384615387,100,4,1
128.0,-4.615384615384613,100,4,1
110.0,43.0,100,0,1
165.0,79.0,100,0,1
87.0,-84.0,100,0,1
97.0,-31.0,100,0,1
89.0,-21.0,100,0,1
111.0,-54.0,100,0,1
103.0,16.0,100,0,1
154.0,57.0,100,0,1
177.0,88.0,100,0,1
156.5,45.5,100,0,1
143.5,40.5,100,0,1
103.5,-50.5,100,0,1
188.5,11.5,100,0,1
114.5,-42.0,100,0,1
122.5,-21.0,100,0,1
99.5,-4.0,100,0,1
90.5,-98.0,100,0,1
136.75,22.25,100,0,1
164.75,42.25,100,0,1
184.75,85.25,100,0,1
162.75,72.25,100,0,1
95.25,-41.5,100,0,1
101.25,-63.5,100,0,1
194.25,9.5,100,0,1
202.25,39.5,100,0,1
163.75,68.5,100,0,1
155.75,54.5,100,0,1
89.75,-104.5,100,0,1
167.75,-34.5,100,0,1
38.0,-125.75,100,0,0
38.0,-117.75,100,0,0
38.0,-51.75,100,0,0
38.0,-129.75,100,0,0
39.0,1.0,100,0,0
39.0,1.0,100,0,0
39.0,1.0,100,0,0
39.0,1.0,100,0,0
33.75,-5.25,100,0,0
33.75,-5.25,100,0,0
33.75,-5.25,100,0,0
33.75,-5.25,100,0,0
41.25,7.5,100,0,0
41.25,7.5,100,0,0
41.25,7.5,100,0,0
41.25,7.5,100,0,0
32.25,-9.0,100,0,0
32.25,-9.0,100,0,0
32.25,-9.0,100,0,0
32.25,-9.0,100,0,0
34.5,2.25,100,0,0
34.5,2.25,100,0,0
34.5,2.25,100,0,0
34.5,2.25,100,0,0
36.75,2.25,100,0,0
36.75,2.25,100,0,0
36.75,2.25,100,0,0
36.75,2.25,100,0,0
30.0,-6.75,100,0,0
30.0,-6.75,100,0,0
30.0,-6.75,100,0,0
30.0,-6.75,100,0,0
39.75,9.75,100,0,0
39.75,9.75,100,0,0
39.75,9.75,100,0,0
39.75,9.75,100,0,0
35.5,-4.25,100,0,0
35.5,-4.25,100,0,0
35.5,-4.25,100,0,0
35.5,-4.25,100,0,0
33.75,-1.75,100,0,0
33.75,-1.75,100,0,0
33.75,-1.75,100,0,0
33.75,-1.75,100,0,0
39.0,5.25,100,0,0
39.0,5.25,100,0,0
39.0,5.25,100,0,0
39.0,5.25,100,0,0
36.5,-2.5,100,0,0
36.5,-2.5,100,0,0
36.5,-2.5,100,0,0
36.5,-2.5,100,0,0
32.75,-3.75,100,0,0
32.75,-3.75,100,0,0
32.75,-3.75,100,0,0
32.75,-3.75,100,0,0
162.0,162.0,100,100,0
0.0,0.0,100,100,0
0.0,0.0,100,100,0
0.0,0.0,100,100,0
153.0,-9.0,100,92,0
0.0,0.0,100,100,0
0.0,0.0,100,100,0
0.0,0.0,100,100,0
121.0,-32.0,100,84,0
0.0,0.0,100,100,0
0.0,0.0,100,100,0
0.0,0.0,100,100,0
143.0,22.0,100,76,0
0.0,0.0,100,100,0
0.0,0.0,100,100,0
0.0,0.0,100,100,0
142.0,-1.0,100,68,0
0.0,0.0,100,100,0
0.0,0.0,100,100,0
0.0,0.0,100,100,0
157.0,15.0,100,60,0
0.0,0.0,100,100,0
0.0,0.0,100,100,0
0.0,0.0,100,100,0
154.0,-3.0,100,52,0
0.0,0.0,100,100,0
0.0,0.0,100,100,0
0.0,0.0,100,100,0
163.0,9.0,100,44,0
0.0,0.0,100,100,0
0.0,0.0,100,100,0
0.0,0.0,100,100,0
171.0,8.0,100,36,0
0.0,0.0,100,100,0
0.0,0.0,100,100,0
0.0,0.0,100,100,0
122.0,-49.0,100,28,0
0.0,0.0,100,100,0
0.0,0.0,100,100,0
0.0,0.0,100,100,0
122.0,0.0,100,20,0
0.0,0.0,100,100,0
0.0,0.0,100,100,0
0.0,0.0,100,100,0
172.0,50.0,100,12,0
0.0,0.0,100,100,0
0.0,0.0,100,100,0
0.0,0.0,100,100,0
132.0,-40.0,100,4,0
0.0,0.0,100,100,0
0.0,0.0,100,100,0
0.0,0.0,100,100,0
161.0,29.0,100,0,0
0.0,0.0,100,100,0
0.0,0.0,100,100,0
0.0,0.0,100,100,0
176.0,15.0,100,0,0
0.0,0.0,100,100,0
0.0,0.0,100,100,0
0.0,0.0,100,100,0
141.0,-35.0,100,0,0
0.0,0.0,100,100,0
0.0,0.0,100,100,0
0.0,0.0,100,100,0
179.0,38.0,100,0,0
0.0,0.0,100,100,0
0.0,0.0,100,100,0
0.0,0.0,100,100,0
147.0,-32.0,100,0,0
0.0,0.0,100,100,0
0.0,0.0,100,100,0
0.0,0.0,100,100,0
154.0,7.0,100,0,0
0.0,0.0,100,100,0
0.0,0.0,100,100,0
0.0,0.0,100,100,0
138.0,-16.0,100,0,0
0.0,0.0,100,100,0
0.0,0.0,100,100,0
0.0,0.0,100,100,0
164.0,26.0,100,0,0
0.0,0.0,100,100,0
0.0,0.0,100,100,0
100.0,100.0,100,100,1
159.0,-5.0,100,0,0
0.0,0.0,100,100,0
0.0,0.0,100,100,0
104.0,4.0,100,100,1
244.0,85.0,100,0,1
0.0,0.0,100,100,0
0.0,0.0,100,100,0
0.0,-104.0,100,92,0
163.0,-81.0,100,0,0
101.0,101.0,100,100,1
0.0,0.0,100,100,0
0.0,0.0,100,95,0
170.0,7.0,100,0,0
0.0,-101.0,100,92,0
0.0,0.0,100,100,0
102.0,102.0,100,98,1
161.0,-9.0,100,0,0
0.0,0.0,100,95,0
146.0,146.0,100,100,1
0.0,-102.0,100,90,0
158.0,-3.0,100,0,0
157.0,157.0,100,98,1
0.0,-146.0,100,92,0
0.0,0.0,100,93,0
341.0,183.0,100,0,1
0.0,-157.0,100,90,0
0.0,0.0,100,95,0
0.0,0.0,100,96,0
137.0,-204.0,100,0,0
114.0,114.0,100,93,1
0.0,0.0,100,98,0
0.0,0.0,100,99,0
153.0,16.0,100,0,0
0.0,-114.0,100,85,0
0.0,0.0,100,100,0
171.0,171.0,100,100,1
165.0,12.0,100,0,0
0.0,0.0,100,88,0
0.0,0.0,100,100,0
154.0,-17.0,100,92,1
178.0,13.0,100,0,0
0.0,0.0,100,91,0
0.0,0.0,100,100,0
151.0,-3.0,100,84,1
148.0,-30.0,100,0,0
213.0,213.0,100,94,1
0.0,0.0,100,100,0
0.0,-151.0,100,76,0
174.0,26.0,100,0,0
0.0,-213.0,100,86,0
188.0,188.0,100,100,1
0.0,0.0,100,79,0
138.0,-36.0,100,0,0
0.0,0.0,100,89,0
140.0,-48.0,100,92,1
0.0,0.0,100,82,0
160.0,22.0,100,0,0
192.0,192.0,100,92,1
0.0,-140.0,100,84,0
0.0,0.0,100,85,0
132.0,-28.0,100,0,0
160.0,-32.0,100,84,1
0.0,0.0,100,87,0
0.0,0.0,100,88,0
155.0,23.0,100,0,0
0.0,-160.0,100,76,0
219.0,219.0,100,90,1
0.0,0.0,100,91,0
275.0,120.0,100,0,1
0.0,0.0,100,79,0
0.0,-219.0,100,82,0
0.0,0.0,100,94,0
153.0,-122.0,100,0,0
0.0,0.0,100,82,0
0.0,0.0,100,85,0
296.0,296.0,100,97,1
128.0,-25.0,100,0,0
0.0,0.0,100,85,0
137.0,137.0,100,88,1
0.0,-296.0,100,89,0
142.0,14.0,100,0,0
193.0,193.0,100,88,1
0.0,-137.0,100,80,0
0.0,0.0,100,92,0
315.0,173.0,100,0,1
0.0,-193.0,100,80,0
0.0,0.0,100,83,0
0.0,0.0,100,95,0
179.0,-136.0,100,0,0
277.0,277.0,100,83,1
0.0,0.0,100,86,0
0.0,0.0,100,98,0
366.0,187.0,100,0,1
0.0,-277.0,100,75,0
0.0,0.0,100,89,0
0.0,0.0,100,100,0
160.0,-206.0,100,0,0
0.0,0.0,100,78,0
414.0,414.0,100,92,1
0.0,0.0,100,100,0
130.0,-30.0,100,0,0
0.0,0.0,100,81,0
0.0,-414.0,100,84,0
0.0,0.0,100,100,0
159.0,29.0,100,0,0
0.0,0.0,100,84,0
0.0,0.0,100,87,0
0.0,0.0,100,100,0
156.0,-3.0,100,0,0
0.0,0.0,100,87,0
0.0,0.0,100,90,0
0.0,0.0,100,100,0
180.0,24.0,100,0,0
0.0,0.0,100,90,0
0.0,0.0,100,93,0
0.0,0.0,100,100,0
169.0,-11.0,100,0,0
0.0,0.0,100,93,0
0.0,0.0,100,96,0
0.0,0.0,100,100,0
176.0,7.0,100,0,0
0.0,0.0,100,96,0
0.0,0.0,100,99,0
0.0,0.0,100,100,0
150.0,-26.0,100,0,0
0.0,0.0,100,99,0
0.0,0.0,100,100,0
0.0,0.0,100,100,0
149.0,-1.0,100,0,0
0.0,0.0,100,100,0
0.0,0.0,100,100,0
0.0,0.0,100,100,0
150.0,1.0,100,0,0
0.0,0.0,100,100,0
0.0,0.0,100,100,0
0.0,0.0,100,100,0
175.0,25.0,100,0,0
0.0,0.0,100,100,0
0.0,0.0,100,100,0
0.0,0.0,100,100,0
145.0,-30.0,100,0,0
0.0,0.0,100,100,0
0.0,0.0,100,100,0
0.0,0.0,100,100,0
140.0,-5.0,100,0,0
0.0,0.0,100,100,0
0.0,0.0,100,100,0
0.0,0.0,100,100,0
129.0,-11.0,100,0,0
0.0,0.0,100,100,0
0.0,0.0,100,100,0
0.0,0.0,100,100,0
159.0,30.0,100,0,0
0.0,0.0,100,100,0
0.0,0.0,100,100,0
0.0,0.0,100,100,0
43.0,43.0,100,100,0
43.0,43.0,100,100,0
43.0,43.0,100,100,0
43.0,43.0,100,100,0
37.75,-5.25,100,100,0
37.75,-5.25,100,100,0
37.75,-5.25,100,100,0
37.75,-5.25,100,100,0
31.25,-6.5,100,100,0
31.25,-6.5,100,100,0
31.25,-6.5,100,100,0
31.25,-6.5,100,100,0
35.5,4.25,100,100,0
35.5,4.25,100,100,0
35.5,4.25,100,100,0
35.5,4.25,100,100,0
40.75,5.25,100,100,0
40.75,5.25,100,100,0
40.75,5.25,100,100,0
40.75,5.25,100,100,0
44.0,3.25,100,100,0
44.0,3.25,100,100,0
44.0,3.25,100,100,0
44.0,3.25,100,100,0
30.75,-13.25,100,100,0
30.75,-13.25,100,100,0
30.75,-13.25,100,100,0
30.75,-13.25,100,100,0
38.0,7.25,100,100,0
38.0,7.25,100,100,0
38.0,7.25,100,100,0
38.0,7.25,100,100,0
39.75,1.75,100,100,0
39.75,1.75,100,100,0
39.75,1.75,100,100,0
39.75,1.75,100,100,0
35.25,-4.5,100,100,0
35.25,-4.5,100,100,0
35.25,-4.5,100,100,0
35.25,-4.5,100,100,0
36.25,1.0,100,100,0
36.25,1.0,100,100,0
36.25,1.0,100,100,0
36.25,1.0,100,100,0
37.5,1.25,100,100,0
37.5,1.25,100,100,0
37.5,1.25,100,100,0
37.5,1.25,100,100,0
44.75,7.25,100,100,0
44.75,7.25,100,100,0
44.75,7.25,100,100,0
44.75,7.25,100,100,0
34.75,-10.0,100,100,0
34.75,-10.0,100,100,0
34.75,-10.0,100,100,0
34.75,-10.0,100,100,0
39.0,4.25,100,100,0
39.0,4.25,100,100,0
39.0,4.25,100,100,0
39.0,4.25,100,100,0
36.5,-2.5,100,100,0
36.5,-2.5,100,100,0
36.5,-2.5,100,100,0
36.5,-2.5,100,100,0
30.25,-6.25,100,100,0
30.25,-6.25,100,100,0
30.25,-6.25,100,100,0
30.25,-6.25,100,100,0
39.25,9.0,100,100,0
39.25,9.0,100,100,0
39.25,9.0,100,100,0
39.25,9.0,100,100,0
40.0,0.75,100,100,0
40.0,0.75,100,100,0
40.0,0.75,100,100,0
40.0,0.75,100,100,0
33.75,-6.25,100,100,0
33.75,-6.25,100,100,0
33.75,-6.25,100,100,0
33.75,-6.25,100,100,0
35.0,1.25,100,100,0
35.0,1.25,100,100,0
35.0,1.25,100,100,0
135.0,101.25,100,100,1
39.75,4.75,100,100,0
39.75,4.75,100,100,0
39.75,4.75,100,100,0
150.75,15.75,100,92,1
38.75,-1.0,100,100,0
38.75,-1.0,100,100,0
159.75,120.0,100,100,1
38.75,-112.0,100,84,0
37.25,-1.5,100,100,0
37.25,-1.5,100,100,0
171.25,11.5,100,92,1
37.25,-1.5,100,87,0
40.25,3.0,100,100,0
40.25,3.0,100,100,0
179.25,8.0,100,84,1
40.25,3.0,100,90,0
34.75,-5.5,100,100,0
172.75,132.5,100,100,1
34.75,-144.5,100,76,0
34.75,-5.5,100,93,0
37.75,3.0,100,100,0
37.75,-135.0,100,92,0
198.75,164.0,100,79,1
37.75,3.0,100,96,0
34.25,-3.5,100,100,0
34.25,-3.5,100,95,0
149.25,-49.5,100,71,1
34.25,-3.5,100,99,0
36.25,2.0,100,100,0
36.25,2.0,100,98,0
234.25,85.0,100,63,1
36.25,2.0,100,100,0
185.25,149.0,100,100,1
41.25,5.0,100,100,0
41.25,-193.0,100,55,0
41.25,5.0,100,100,0
33.25,-152.0,100,92,0
202.25,161.0,100,100,1
33.25,-8.0,100,58,0
33.25,-8.0,100,100,0
39.75,6.5,100,95,0
201.75,-0.5,100,92,1
39.75,6.5,100,61,0
39.75,6.5,100,100,0
158.5,118.75,100,98,1
33.5,-168.25,100,84,0
33.5,-6.25,100,64,0
33.5,-6.25,100,100,0
42.25,-116.25,100,90,0
143.25,109.75,100,87,1
42.25,8.75,100,67,0
42.25,8.75,100,100,0
40.25,-2.0,100,93,0
40.25,-103.0,100,79,0
40.25,-2.0,100,70,0
262.25,220.0,100,100,1
156.5,116.25,100,96,1
34.5,-5.75,100,82,0
34.5,-5.75,100,73,0
34.5,-227.75,100,92,0
187.5,31.0,100,88,1
43.5,9.0,100,85,0
43.5,9.0,100,76,0
43.5,9.0,100,95,0
30.5,-157.0,100,80,0
30.5,-13.0,100,88,0
30.5,-13.0,100,79,0
331.5,288.0,100,98,1
44.75,14.25,100,83,0
44.75,14.25,100,91,0
368.75,338.25,100,82,1
44.75,-286.75,100,90,0
44.75,0.0,100,86,0
44.75,0.0,100,94,0
216.75,-152.0,100,74,1
44.75,0.0,100,93,0
44.0,-0.75,100,89,0
383.0,338.25,100,97,1
44.0,-172.75,100,66,0
44.0,-0.75,100,96,0
41.5,-2.5,100,92,0
41.5,-341.5,100,89,0
41.5,-2.5,100,69,0
272.5,228.5,100,99,1
34.5,-7.0,100,95,0
223.5,182.0,100,92,1
34.5,-7.0,100,72,0
34.5,-238.0,100,91,0
36.75,2.25,100,98,0
36.75,-186.75,100,84,0
180.75,146.25,100,75,1
36.75,2.25,100,94,0
37.5,0.75,100,100,0
37.5,0.75,100,87,0
264.5,83.75,100,67,1
37.5,0.75,100,97,0
34.25,-3.25,100,100,0
34.25,-3.25,100,90,0
288.25,23.75,100,59,1
34.25,-3.25,100,100,0
35.75,1.5,100,100,0
35.75,1.5,100,93,0
35.75,-252.5,100,51,0
35.75,1.5,100,100,0
36.25,0.5,100,100,0
36.25,0.5,100,96,0
36.25,0.5,100,54,0
36.25,0.5,100,100,0
41.0,4.75,100,100,0
41.0,4.75,100,99,0
41.0,4.75,100,57,0
41.0,4.75,100,100,0
33.5,-7.5,100,100,0
33.5,-7.5,100,100,0
33.5,-7.5,100,60,0
33.5,-7.5,100,100,0
35.75,2.25,100,100,0
35.75,2.25,100,100,0
35.75,2.25,100,63,0
35.75,2.25,100,100,0
40.5,4.75,100,100,0
40.5,4.75,100,100,0
40.5,4.75,100,66,0
40.5,4.75,100,100,0
42.5,2.0,100,100,0
42.5,2.0,100,100,0
42.5,2.0,100,69,0
42.5,2.0,100,100,0
39.0,-3.5,100,100,0
39.0,-3.5,100,100,0
39.0,-3.5,100,72,0
39.0,-3.5,100,100,0
38.5,-0.5,100,100,0
38.5,-0.5,100,100,0
38.5,-0.5,100,75,0
38.5,-0.5,100,100,0
33.25,-5.25,100,100,0
33.25,-5.25,100,100,0
33.25,-5.25,100,78,0
33.25,-5.25,100,100,0
30.75,-2.5,100,100,0
30.75,-2.5,100,100,0
30.75,-2.5,100,81,0
30.75,-2.5,100,100,0
37.25,6.5,100,100,0
37.25,6.5,100,100,0
37.25,6.5,100,84,0
37.25,6.5,100,100,0
30.0,-7.25,100,100,0
30.0,-7.25,100,100,0
30.0,-7.25,100,87,0
30.0,-7.25,100,100,0
31.0,1.0,100,100,0
31.0,1.0,100,100,0
31.0,1.0,100,90,0
31.0,1.0,100,100,0
37.5,37.5,100,100,0
37.5,37.5,100,100,0
37.5,37.5,100,100,0
37.5,37.5,100,100,0
41.5,4.0,100,100,0
41.5,4.0,100,100,0
41.5,4.0,100,100,0
41.5,4.0,100,100,0
43.75,2.25,100,100,0
43.75,2.25,100,100,0
43.75,2.25,100,100,0
43.75,2.25,100,100,0
43.75,0.0,100,100,0
43.75,0.0,100,100,0
43.75,0.0,100,100,0
43.75,0.0,100,100,0
38.5,-5.25,100,100,0
38.5,-5.25,100,100,0
38.5,-5.25,100,100,0
38.5,-5.25,100,100,0
42.0,3.5,100,100,0
42.0,3.5,100,100,0
42.0,3.5,100,100,0
42.0,3.5,100,100,0
38.5,-3.5,100,100,0
38.5,-3.5,100,100,0
38.5,-3.5,100,100,0
38.5,-3.5,100,100,0
33.0,-5.5,100,100,0
33.0,-5.5,100,100,0
33.0,-5.5,100,100,0
33.0,-5.5,100,100,0
36.5,3.5,100,100,0
36.5,3.5,100,100,0
36.5,3.5,100,100,0
36.5,3.5,100,100,0
31.0,-5.5,100,100,0
31.0,-5.5,100,100,0
31.0,-5.5,100,100,0
31.0,-5.5,100,100,0
30.75,-0.25,100,100,0
30.75,-0.25,100,100,0
30.75,-0.25,100,100,0
30.75,-0.25,100,100,0
42.0,11.25,100,100,0
42.0,11.25,100,100,0
42.0,11.25,100,100,0
42.0,11.25,100,100,0
43.0,1.0,100,100,0
43.0,1.0,100,100,0
43.0,1.0,100,100,0
43.0,1.0,100,100,0
43.0,0.0,100,100,0
43.0,0.0,100,100,0
43.0,0.0,100,100,0
43.0,0.0,100,100,0
33.5,-9.5,100,100,0
33.5,-9.5,100,100,0
33.5,-9.5,100,100,0
33.5,-9.5,100,100,0
41.75,8.25,100,100,0
41.75,8.25,100,100,0
41.75,8.25,100,100,0
41.75,8.25,100,100,0
35.5,-6.25,100,100,0
35.5,-6.25,100,100,0
35.5,-6.25,100,100,0
35.5,-6.25,100,100,0
36.5,1.0,100,100,0
36.5,1.0,100,100,0
36.5,1.0,100,100,0
36.5,1.0,100,100,0
33.75,-2.75,100,100,0
33.75,-2.75,100,100,0
33.75,-2.75,100,100,0
33.75,-2.75,100,100,0
44.5,10.75,100,100,0
44.5,10.75,100,100,0
44.5,10.75,100,100,0
44.5,10.75,100,100,0
36.0,-8.5,100,100,0
136.0,91.5,100,100,1
36.0,-8.5,100,100,0
36.0,-8.5,100,100,0
44.38775510204082,8.38775510204082,100,100,0
40.83673469387755,-95.16326530612244,100,92,0
145.3877551020408,109.38775510204081,100,100,1
44.38775510204082,8.38775510204082,100,100,0
139.2093023255814,94.82154722354059,100,100,1
35.348837209302324,-5.487897484575228,100,95,0
34.23255813953488,-111.15519696250593,100,92,0
37.20930232558139,-7.17845277645943,100,100,0
37.03896103896104,-102.17034128662036,100,92,0
169.45454545454544,134.1057082452431,100,98,1
38.246753246753244,4.014195107218363,100,95,0
40.259740259740255,3.0504379341588646,100,100,0
157.1514360313316,120.11247499237055,100,95,1
41.82767624020888,-127.62686921433655,100,90,0
45.545691906005224,7.298938659251981,100,98,0
46.47519582245431,6.215455562714055,100,100,0
38.46315789473684,-118.68827813659476,100,87,0
41.11578947368421,-0.7118867665246711,100,93,0
44.21052631578947,-1.3351655902157518,100,100,0
175.21052631578948,128.73533049333517,100,100,1
32.14285714285714,-6.320300751879699,100,90,0
34.285714285714285,-6.830075187969925,100,96,0
171.71428571428572,127.50375939849624,100,100,1
32.857142857142854,-142.35338345864662,100,92,0
33.37203166226913,1.2291745194119912,100,93,0
35.52506596306069,1.2393516773464057,100,99,0
198.0131926121372,26.29890689785148,100,92,1
34.089709762532976,1.2325669053901223,100,95,0
42.15873015873016,8.786698496461028,100,96,0
43.91534391534391,8.39027795228322,100,100,0
36.888888888888886,-161.12430372324832,100,84,0
240.03703703703704,205.94732727450406,100,98,1
210.4414893617021,168.28275920297196,100,99,1
38.829787234042556,-5.085556681301355,100,100,0
33.78191489361702,-3.106973995271865,100,87,0
34.9468085106383,-205.09022852639873,100,90,0
37.713903743315505,-172.7275856183866,100,91,0
41.44385026737968,2.614063033337125,100,100,0
37.29946524064171,3.517550347024688,100,90,0
213.5427807486631,178.59597223802479,100,93,1
43.71505376344086,6.001150020125351,100,94,0
273.505376344086,232.06152607670634,100,100,1
43.25,5.950534759358291,100,93,0
39.52956989247312,-174.01321085618997,100,85,0
43.689008042895445,-0.026045720545411655,100,97,0
41.43699731903485,-232.06837902505117,100,92,0
43.238605898123325,-0.011394101876675222,100,96,0
264.6353887399464,225.10581884747327,100,88,1
34.224598930481285,-9.46440911241416,100,100,0
32.51336898395722,-8.92362833507763,100,95,0
33.88235294117647,-9.356252956946854,100,99,0
174.37967914438502,-90.25570959556137,100,80,1
152.24324324324323,118.01864431276195,100,100,1
32.57837837837838,0.0650093944211605,100,98,0
33.24324324324324,-0.6391096979332289,100,100,0
23.935135135135138,-150.44454400924988,100,72,0
36.59945504087193,-115.6437882023713,100,92,0
300.7820163487738,268.20363797039545,100,100,1
39.782016348773844,6.538773105530602,100,100,0
29.83651226158038,5.901377126445244,100,75,0
39.56164383561644,2.962188794744506,100,95,0
38.31232876712329,-262.46968758165053,100,92,0
41.64383561643835,1.861819267664508,100,100,0
227.48219178082192,197.64567951924153,100,78,1
48.05509641873278,8.493452583116344,100,98,0
46.58402203856749,8.2716932714442,100,95,0
49.03581267217631,7.391977055737961,100,100,0
302.3250688705234,74.84287708970149,100,70,1
268.3333333333333,220.27823691460054,100,100,1
32.666666666666664,-13.917355371900825,100,98,0
33.333333333333336,-15.702479338842977,100,100,0
20.666666666666668,-281.6584022038567,100,62,0
39.17086834733893,-229.16246498599438,100,92,0
42.57703081232493,9.910364145658264,100,100,0
42.57703081232493,9.243697478991592,100,100,0
333.6750700280112,313.0084033613445,100,65,1
41.29261363636364,2.121745289024709,100,95,0
266.4659090909091,223.8888782785842,100,100,1
43.46590909090909,0.8888782785841656,100,100,0
24.77556818181818,-308.899501846193,100,57,0
38.36000000000001,-2.9326136363636337,100,98,0
36.01142857142857,-230.45448051948057,100,92,0
39.14285714285714,-4.323051948051955,100,100,0
163.4857142857143,138.7101461038961,100,60,1
47.262247838616716,8.90224783861671,100,100,0
297.8991354466859,261.8877068752573,100,95,1
47.262247838616716,8.119390695759577,100,100,0
24.57636887608069,-138.9093454096336,100,52,0
197.87719298245614,150.6149451438394,100,100,1
44.26315789473684,-253.63597755194903,100,87,0
50.87719298245614,3.614945143839421,100,100,0
27.982456140350877,3.4060872642701874,100,55,0
230.2941176470588,32.416924664602675,100,92,1
42.35294117647059,-1.9102167182662555,100,90,0
47.05882352941177,-3.818369453044369,100,100,0
27.294117647058826,-0.6883384932920507,100,58,0
405.0414201183432,174.74730247128437,100,84,1
38.795857988165686,-3.557083188304901,100,93,0
41.71597633136095,-5.342847198050819,100,100,0
25.44674556213018,-1.8473720849286472,100,61,0
37.095238095238095,-367.9461820231051,100,76,0
46.857142857142854,8.061284868977168,100,96,0
48.80952380952381,7.093547478162861,100,100,0
31.238095238095237,5.7913496759650585,100,64,0
40.98840579710145,3.893167701863355,100,79,0
51.36521739130435,4.508074534161494,100,99,0
51.88405797101449,3.074534161490682,100,100,0
34.76231884057971,3.524223602484472,100,67,0
40.53409090909091,-0.4543148880105434,100,82,0
49.43181818181819,-1.9333992094861614,100,100,0
49.43181818181819,-2.4522397891963053,100,100,0
34.60227272727273,-0.16004611330698282,100,70,0
39.175977653631286,-1.358113255459621,100,85,0
46.08938547486033,-3.342432706957858,100,100,0
46.08938547486033,-3.342432706957858,100,100,0
33.64525139664804,-0.9570213306246842,100,73,0
37.714285714285715,-1.4616919393455703,100,88,0
42.85714285714286,-3.2322426177174677,100,100,0
42.85714285714286,-3.2322426177174677,100,100,0
32.57142857142857,-1.073822825219473,100,76,0
41.31891891891892,3.6046332046332026,100,91,0
45.40540540540541,2.5482625482625494,100,100,0
45.40540540540541,2.5482625482625494,100,100,0
35.870270270270275,3.2988416988417057,100,79,0
41.75,0.4310810810810821,100,94,0
44.41489361702128,-0.9905117883841328,100,100,0
44.41489361702128,-0.9905117883841328,100,100,0
36.42021276595745,0.5499424956871763,100,82,0
35.80366492146597,-5.946335078534027,100,97,0
36.910994764397905,-7.503898852623372,100,100,0
36.910994764397905,-7.503898852623372,100,100,0
31.374345549738223,-5.045867216219229,100,85,0
36.08247422680412,0.2788093053381502,100,100,0
36.08247422680412,-0.8285205375937821,100,100,0
36.08247422680412,-0.8285205375937821,100,100,0
31.75257731958763,0.3782317698494069,100,88,0
36.31713554987213,0.23466132306800347,100,100,0
36.31713554987213,0.23466132306800347,100,100,0
36.31713554987213,0.23466132306800347,100,100,0
33.04859335038363,1.2960160307960038,100,91,0
36.54822335025381,0.23108780038167964,100,100,0
36.54822335025381,0.23108780038167964,100,100,0
36.54822335025381,0.23108780038167964,100,100,0
34.35532994923858,1.3067365988549469,100,94,0
31.486146095717885,-5.062077254535922,100,100,0
31.486146095717885,-5.062077254535922,100,100,0
31.486146095717885,-5.062077254535922,100,100,0
30.541561712846345,-3.813768236392235,100,97,0
36.0,4.513853904282115,100,100,0
36.0,4.513853904282115,100,100,0
36.0,4.513853904282115,100,100,0
36.0,5.458438287153655,100,100,0
35.75,-0.25,100,100,0
35.75,-0.25,100,100,0
35.75,-0.25,100,100,0
35.75,-0.25,100,100,0
